id,nombre,apellido,edad,sexo,promediodisparo,mejordisparo
12,Carolina,Barreto,27,F,25.521513226998838,23.323807579381203
369,Anthony,Tamayo,34,M,66.02122953603272,58.0
742,Alberto,Barreto,62,M,51.9356018059392,45.34313619501854
205,Ludmila,Verdino,33,F,52.83350820463486,46.66904755831214
